<application>
  <component name="GeneralSettings">
    <option name="showTipsOnStartup" value="false" />
    <option name="confirmExit" value="false" />
    <option name="confirmOpenNewProject2" value="-1" />
  </component>
  <component name="Registry">
    <entry key="ide.experimental.ui" value="true" />
    <entry key="moved.to.new.ui" value="true" />
    <entry key="i18n.locale" value="" />
    <entry key="ide.balloon.shadow.size" value="0" />
    <entry key="ide.editor.tab.selection.animation" value="true" />
    <entry key="ide.new.editor.tabs.vertical.borders" value="true" />
    <entry key="ide.animate.toolwindows" value="true" />
  </component>
  <component name="StatusBar">
    <option name="widgets">
      <map>
        <entry key="CodeStyleStatusBarWidget" value="false" />
        <entry key="Encoding" value="false" />
        <entry key="IdeaVim-Icon" value="false" />
        <entry key="IdeaVimMacro" value="false" />
        <entry key="IdeaVimMode" value="false" />
        <entry key="LanguageServiceStatusBarWidget" value="false" />
        <entry key="LineSeparator" value="false" />
        <entry key="Notifications" value="false" />
        <entry key="Position" value="false" />
        <entry key="ReadOnlyAttribute" value="false" />
        <entry key="mtProjectFactory" value="false" />
        <entry key="mtThemeFactory" value="false" />
        <entry key="webDeployment.default.server.widget" value="false" />
      </map>
    </option>
  </component>
</application>