<application>
  <component name="MaterialThemeNewConfig">
    <option name="accentState">
      <MTAccentConfigState>
        <option name="accentColorHex" value="f92aad" />
      </MTAccentConfigState>
    </option>
    <option name="compactState">
      <MTCompactConfigState>
        <option name="compactMenus" value="true" />
      </MTCompactConfigState>
    </option>
    <option name="metadata">
      <MTMetadataState>
        <option name="pristineConfig" value="false" />
        <option name="userId" value="-59c25a81:192a6d2f990:-8000" />
        <option name="version" value="9.5.0" />
        <option name="wizardShown" value="true" />
      </MTMetadataState>
    </option>
    <option name="projectTreeState">
      <MTProjectTreeConfigState>
        <option name="customLineHeight" value="40" />
        <option name="customLineHeightEnabled" value="true" />
      </MTProjectTreeConfigState>
    </option>
    <option name="themeState">
      <MTThemeConfigState>
        <option name="selectedThemeName" value="SYNTHWAVE" />
      </MTThemeConfigState>
    </option>
  </component>
</application>