<application>
  <component name="ParameterNameHintsSettings">
    <option id="js.only.show.names.for.tagged" value="false" />
    <option id="js.only.show.names.for.pipes" value="false" />
    <option id="js.param.hints.show.names.for.tagged" value="false" />
    <option id="go.return.parameters" value="false" />
    <option id="go.struct.unnamed.struct.fields" value="false" />
    <disabledLanguages>
      <language id="TypeScript" />
      <language id="JavaScript" />
      <language id="go" />
    </disabledLanguages>
  </component>
</application>