<application>
  <component name="ProjectManager">
    <defaultProject>
      <component name="MaterialThemeProjectNewConfig">
        <option name="metadata">
          <MTProjectMetadataState>
            <option name="migrated" value="true" />
            <option name="pristineConfig" value="false" />
            <option name="userId" value="-59c25a81:192a6d2f990:-7ffe" />
          </MTProjectMetadataState>
        </option>
      </component>
      <component name="ProjectViewState">
        <option name="autoscrollFromSource" value="true" />
        <option name="hideEmptyMiddlePackages" value="true" />
        <option name="showExcludedFiles" value="false" />
        <option name="showLibraryContents" value="true" />
      </component>
      <component name="PropertiesComponent">{
  &quot;keyToString&quot;: {
    &quot;go.import.settings.migrated&quot;: &quot;true&quot;,
    &quot;settings.editor.selected.configurable&quot;: &quot;preferences.pluginManager&quot;
  }
}</component>
      <component name="VcsDirectoryMappings" defaultProject="true" />
      <component name="WindowStateProjectService">
        <state x="8" y="63" width="1454" height="885" key="SettingsEditor" timestamp="1727009991511">
          <screen x="0" y="32" width="1470" height="924" />
        </state>
        <state x="8" y="63" width="1454" height="885" key="SettingsEditor/0.32.1470.924" timestamp="1727009991511" />
      </component>
    </defaultProject>
  </component>
</application>