<application>
  <component name="Trusted.Paths">
    <option name="TRUSTED_PROJECT_PATHS">
      <map>
        <entry key="$USER_HOME$/Desktop/ChildManagerApi" value="true" />
        <entry key="$USER_HOME$/Desktop/GoLangLearning" value="true" />
        <entry key="$USER_HOME$/Desktop/MPT/CPlusPlusPractice/ThridCourse/FourthPractice/FourthPractice(go app)" value="true" />
        <entry key="$USER_HOME$/Desktop/TargerAndTotal" value="true" />
        <entry key="$USER_HOME$/Desktop/TryGoChatGpt" value="true" />
        <entry key="$USER_HOME$/Desktop/test" value="true" />
        <entry key="$USER_HOME$/GolandProjects/ChildManagerApi" value="true" />
      </map>
    </option>
  </component>
</application>