<application>
  <component name="ProjectViewFileNesting">
    <nesting-rules>
      <NestingRule child-file-suffix="_string.go" parent-file-suffix=".go" />
      <NestingRule child-file-suffix="_easyjson.go" parent-file-suffix=".go" />
      <NestingRule child-file-suffix="_reform.go" parent-file-suffix=".go" />
      <NestingRule child-file-suffix="go.sum" parent-file-suffix="go.mod" />
      <NestingRule child-file-suffix="go.work.sum" parent-file-suffix="go.work" />
    </nesting-rules>
  </component>
  <component name="UISettings">
    <option name="DIFFERENTIATE_PROJECTS" value="false" />
    <option name="EDITOR_TAB_PLACEMENT" value="0" />
    <option name="HIDE_TOOL_STRIPES" value="true" />
    <option name="SHOW_EDITOR_TOOLTIP" value="false" />
    <option name="SHOW_NAVIGATION_BAR_MEMBERS" value="false" />
    <option name="SHOW_NEW_MAIN_TOOLBAR" value="false" />
    <option name="UI_DENSITY" value="COMPACT" />
  </component>
</application>