<application>
  <component name="DimensionService">
    <size key="GridCell.Tab.0.left.0.0.2940.1912@192dpi" width="2868" height="656" />
    <size key="GridCell.Tab.0.center.0.0.2940.1912@192dpi" width="2868" height="656" />
    <size key="GridCell.Tab.0.right.0.0.2940.1912@192dpi" width="2868" height="656" />
    <size key="GridCell.Tab.0.bottom.0.0.2940.1912@192dpi" width="2868" height="656" />
    <size key="GridCell.Tab.0.left.0.0.2560.1440" width="2524" height="294" />
    <size key="GridCell.Tab.0.center.0.0.2560.1440" width="2524" height="294" />
    <size key="GridCell.Tab.0.right.0.0.2560.1440" width="2524" height="294" />
    <size key="GridCell.Tab.0.bottom.0.0.2560.1440" width="2524" height="294" />
    <size key="GridCell.Tab.0.left.1090.2880.2940.1912@192dpi" width="2868" height="486" />
    <size key="GridCell.Tab.0.center.1090.2880.2940.1912@192dpi" width="2868" height="486" />
    <size key="GridCell.Tab.0.right.1090.2880.2940.1912@192dpi" width="2868" height="486" />
    <size key="GridCell.Tab.0.bottom.1090.2880.2940.1912@192dpi" width="2868" height="486" />
  </component>
  <component name="WindowManager">
    <frame x="18" y="63" width="1434" height="875" />
  </component>
  <component name="WindowStateApplicationService">
    <state x="746" y="63" width="716" height="885" key="#com.intellij.ide.actions.ChooseComponentsToExportDialog" timestamp="1727010003987">
      <screen x="0" y="32" width="1470" height="924" />
    </state>
    <state x="746" y="63" width="716" height="885" key="#com.intellij.ide.actions.ChooseComponentsToExportDialog/0.32.1470.924" timestamp="1727010003987" />
    <state width="654" height="116" key="ShowUsagesActions.dimensionServiceKey" timestamp="1729854400357">
      <screen x="0" y="32" width="1470" height="924" />
    </state>
    <state width="654" height="116" key="ShowUsagesActions.dimensionServiceKey/0.32.1470.924" timestamp="1729854400357" />
    <state x="735" y="485" width="800" height="875" key="WELCOME_SCREEN" timestamp="1729845315969">
      <screen x="0" y="32" width="1470" height="924" />
    </state>
    <state x="735" y="485" width="800" height="875" key="WELCOME_SCREEN/0.32.1470.924" timestamp="1729845315969" />
    <state x="399" y="243" width="670" height="694" key="search.everywhere.popup" timestamp="1727010024164">
      <screen x="0" y="32" width="1470" height="924" />
    </state>
    <state x="399" y="243" width="670" height="694" key="search.everywhere.popup/0.32.1470.924" timestamp="1727010024164" />
  </component>
</application>