<application>
  <component name="DimensionService">
    <location key="find.popup.0.0.2940.1912@192dpi" x="782" y="64" />
    <size key="GridCell.Tab.0.left.0.0.2940.1912@192dpi" width="2868" height="978" />
    <size key="GridCell.Tab.0.center.0.0.2940.1912@192dpi" width="2868" height="978" />
    <size key="GridCell.Tab.0.right.0.0.2940.1912@192dpi" width="2868" height="978" />
    <size key="GridCell.Tab.0.bottom.0.0.2940.1912@192dpi" width="2868" height="978" />
    <size key="GridCell.Tab.0.left.0.0.2560.1440" width="2524" height="719" />
    <size key="GridCell.Tab.0.center.0.0.2560.1440" width="2524" height="719" />
    <size key="GridCell.Tab.0.right.0.0.2560.1440" width="2524" height="719" />
    <size key="GridCell.Tab.0.bottom.0.0.2560.1440" width="2524" height="719" />
    <size key="GridCell.Tab.0.left.1090.2880.2940.1912@192dpi" width="2868" height="486" />
    <size key="GridCell.Tab.0.center.1090.2880.2940.1912@192dpi" width="2868" height="486" />
    <size key="GridCell.Tab.0.right.1090.2880.2940.1912@192dpi" width="2868" height="486" />
    <size key="GridCell.Tab.0.bottom.1090.2880.2940.1912@192dpi" width="2868" height="486" />
    <size key="find.popup.0.0.2940.1912@192dpi" width="1636" height="1848" />
    <size key="GridCell.Tab.1.left.0.0.2940.1912@192dpi" width="2868" height="978" />
    <size key="GridCell.Tab.1.center.0.0.2940.1912@192dpi" width="2868" height="978" />
    <size key="GridCell.Tab.1.right.0.0.2940.1912@192dpi" width="2868" height="978" />
    <size key="GridCell.Tab.1.bottom.0.0.2940.1912@192dpi" width="2868" height="978" />
    <size key="GridCell.Tab.1.left.0.0.2560.1440" width="2524" height="559" />
    <size key="GridCell.Tab.1.center.0.0.2560.1440" width="2524" height="559" />
    <size key="GridCell.Tab.1.right.0.0.2560.1440" width="2524" height="559" />
    <size key="GridCell.Tab.1.bottom.0.0.2560.1440" width="2524" height="559" />
  </component>
  <component name="WindowManager">
    <frame x="18" y="63" width="1434" height="875" />
  </component>
  <component name="WindowStateApplicationService">
    <state width="1075" height="156" key="ShowUsagesActions.dimensionServiceKey" timestamp="1736009807271">
      <screen x="0" y="0" width="2560" height="1440" />
    </state>
    <state width="1075" height="156" key="ShowUsagesActions.dimensionServiceKey/0.0.2560.1440" timestamp="1736009807271" />
    <state width="740" height="453" key="ShowUsagesActions.dimensionServiceKey/0.32.1470.924" timestamp="1734419628095" />
    <state x="735" y="485" width="1434" height="875" key="WELCOME_SCREEN" timestamp="1736690144814">
      <screen x="0" y="32" width="1470" height="924" />
    </state>
    <state x="1280" y="706" width="2524" height="1359" key="WELCOME_SCREEN/0.0.2560.1440" timestamp="1736622185146" />
    <state x="735" y="485" width="1434" height="875" key="WELCOME_SCREEN/0.32.1470.924" timestamp="1736690144814" />
    <state x="399" y="243" width="670" height="694" key="search.everywhere.popup" timestamp="1732277550890">
      <screen x="0" y="32" width="1470" height="924" />
    </state>
    <state x="399" y="243" width="670" height="694" key="search.everywhere.popup/0.32.1470.924" timestamp="1732277550890" />
  </component>
</application>