<application>
  <component name="BlockTerminalOptions">
    <option name="promptStyle" value="SHELL" />
  </component>
  <component name="BlockTerminalUsage">
    <option name="blockTerminalUsedLastVersion" value="242.23339.24" />
    <option name="feedbackNotificationShown" value="true" />
    <shellToExecutedCommandsNumber>
      <entry key="zsh" value="12" />
    </shellToExecutedCommandsNumber>
  </component>
  <component name="TerminalOptionsProvider">
    <option name="useOptionAsMetaKey" value="true" />
  </component>
</application>