<application>
  <component name="Trusted.Paths">
    <option name="TRUSTED_PROJECT_PATHS">
      <map>
        <entry key="$USER_HOME$/Desktop/ChildManagerApi" value="true" />
        <entry key="$USER_HOME$/Desktop/Exam" value="true" />
        <entry key="$USER_HOME$/Desktop/Exam/.idea/.idea.Exam.dir" value="true" />
        <entry key="$USER_HOME$/Desktop/GoLangLearning" value="true" />
        <entry key="$USER_HOME$/Desktop/MPT/AspNetPractice/SixthAspNetPractice" value="true" />
        <entry key="$USER_HOME$/Desktop/MPT/AspNetPractice/SixthAspNetPractice/.idea/.idea.SixthAspNetPractice" value="true" />
        <entry key="$USER_HOME$/Desktop/MPT/CPlusPlusPractice/ThridCourse/FourthPractice/FourthPractice(go app)" value="true" />
        <entry key="$USER_HOME$/Desktop/TargerAndTotal" value="true" />
        <entry key="$USER_HOME$/Desktop/TargetAndTotal" value="true" />
        <entry key="$USER_HOME$/Desktop/ToDoCRUD" value="true" />
        <entry key="$USER_HOME$/Desktop/TryGoChatGpt" value="true" />
        <entry key="$USER_HOME$/Desktop/test" value="true" />
        <entry key="$USER_HOME$/Desktop/testGoLang" value="true" />
        <entry key="$USER_HOME$/GolandProjects" value="true" />
        <entry key="$USER_HOME$/GolandProjects/ChildManagerApi" value="true" />
        <entry key="$USER_HOME$/GolandProjects/CppPracrtice" value="true" />
        <entry key="$USER_HOME$/GolandProjects/Synchronization-primitives" value="true" />
        <entry key="$USER_HOME$/GolandProjects/TestSqlInjections" value="true" />
        <entry key="$USER_HOME$/GolandProjects/auth" value="true" />
        <entry key="$USER_HOME$/GolandProjects/awesomeProject" value="true" />
        <entry key="$USER_HOME$/GolandProjects/go-grpc-demo" value="true" />
        <entry key="$USER_HOME$/GolandProjects/protos" value="true" />
      </map>
    </option>
  </component>
  <component name="Trusted.Paths.Settings">
    <option name="TRUSTED_PATHS">
      <list>
        <option value="$USER_HOME$" />
      </list>
    </option>
  </component>
</application>