<application>
  <component name="DimensionService">
    <location key="find.popup.0.0.2940.1912@192dpi" x="782" y="64" />
    <size key="GridCell.Tab.0.left.0.0.2940.1912@192dpi" width="2868" height="832" />
    <size key="GridCell.Tab.0.center.0.0.2940.1912@192dpi" width="2868" height="832" />
    <size key="GridCell.Tab.0.right.0.0.2940.1912@192dpi" width="2868" height="832" />
    <size key="GridCell.Tab.0.bottom.0.0.2940.1912@192dpi" width="2868" height="832" />
    <size key="GridCell.Tab.0.left.0.0.2560.1440" width="2524" height="671" />
    <size key="GridCell.Tab.0.center.0.0.2560.1440" width="2524" height="671" />
    <size key="GridCell.Tab.0.right.0.0.2560.1440" width="2524" height="671" />
    <size key="GridCell.Tab.0.bottom.0.0.2560.1440" width="2524" height="671" />
    <size key="GridCell.Tab.0.left.1090.2880.2940.1912@192dpi" width="2868" height="486" />
    <size key="GridCell.Tab.0.center.1090.2880.2940.1912@192dpi" width="2868" height="486" />
    <size key="GridCell.Tab.0.right.1090.2880.2940.1912@192dpi" width="2868" height="486" />
    <size key="GridCell.Tab.0.bottom.1090.2880.2940.1912@192dpi" width="2868" height="486" />
    <size key="find.popup.0.0.2940.1912@192dpi" width="1636" height="1848" />
    <size key="GridCell.Tab.1.left.0.0.2940.1912@192dpi" width="2868" height="832" />
    <size key="GridCell.Tab.1.center.0.0.2940.1912@192dpi" width="2868" height="832" />
    <size key="GridCell.Tab.1.right.0.0.2940.1912@192dpi" width="2868" height="832" />
    <size key="GridCell.Tab.1.bottom.0.0.2940.1912@192dpi" width="2868" height="832" />
    <size key="GridCell.Tab.2.left.0.0.2940.1912@192dpi" width="2868" height="832" />
    <size key="GridCell.Tab.2.center.0.0.2940.1912@192dpi" width="2868" height="832" />
    <size key="GridCell.Tab.2.right.0.0.2940.1912@192dpi" width="2868" height="832" />
    <size key="GridCell.Tab.2.bottom.0.0.2940.1912@192dpi" width="2868" height="832" />
    <size key="GridCell.Tab.3.left.0.0.2940.1912@192dpi" width="2868" height="832" />
    <size key="GridCell.Tab.3.center.0.0.2940.1912@192dpi" width="2868" height="832" />
    <size key="GridCell.Tab.3.right.0.0.2940.1912@192dpi" width="2868" height="832" />
    <size key="GridCell.Tab.3.bottom.0.0.2940.1912@192dpi" width="2868" height="832" />
    <size key="GridCell.Tab.4.left.0.0.2940.1912@192dpi" width="2868" height="832" />
    <size key="GridCell.Tab.4.center.0.0.2940.1912@192dpi" width="2868" height="832" />
    <size key="GridCell.Tab.4.right.0.0.2940.1912@192dpi" width="2868" height="832" />
    <size key="GridCell.Tab.4.bottom.0.0.2940.1912@192dpi" width="2868" height="832" />
    <size key="GridCell.Tab.5.left.0.0.2940.1912@192dpi" width="2868" height="832" />
    <size key="GridCell.Tab.5.center.0.0.2940.1912@192dpi" width="2868" height="832" />
    <size key="GridCell.Tab.5.right.0.0.2940.1912@192dpi" width="2868" height="832" />
    <size key="GridCell.Tab.5.bottom.0.0.2940.1912@192dpi" width="2868" height="832" />
    <size key="GridCell.Tab.6.left.0.0.2940.1912@192dpi" width="2868" height="832" />
    <size key="GridCell.Tab.6.center.0.0.2940.1912@192dpi" width="2868" height="832" />
    <size key="GridCell.Tab.6.right.0.0.2940.1912@192dpi" width="2868" height="832" />
    <size key="GridCell.Tab.6.bottom.0.0.2940.1912@192dpi" width="2868" height="832" />
  </component>
  <component name="WindowManager">
    <frame x="18" y="63" width="1434" height="875" />
  </component>
  <component name="WindowStateApplicationService">
    <state x="746" y="63" width="716" height="885" key="#com.intellij.ide.actions.ChooseComponentsToExportDialog" timestamp="1727010003987">
      <screen x="0" y="32" width="1470" height="924" />
    </state>
    <state x="746" y="63" width="716" height="885" key="#com.intellij.ide.actions.ChooseComponentsToExportDialog/0.32.1470.924" timestamp="1727010003987" />
    <state width="740" height="453" key="ShowUsagesActions.dimensionServiceKey" timestamp="1734419628095">
      <screen x="0" y="32" width="1470" height="924" />
    </state>
    <state width="740" height="453" key="ShowUsagesActions.dimensionServiceKey/0.32.1470.924" timestamp="1734419628095" />
    <state x="418" y="500" width="800" height="875" key="WELCOME_SCREEN" timestamp="1735207552055">
      <screen x="0" y="32" width="1470" height="924" />
    </state>
    <state x="1280" y="706" width="2524" height="1359" key="WELCOME_SCREEN/0.0.2560.1440" timestamp="1734356638289" />
    <state x="418" y="500" width="800" height="875" key="WELCOME_SCREEN/0.32.1470.924" timestamp="1735207552055" />
    <state x="399" y="243" width="670" height="694" key="search.everywhere.popup" timestamp="1732277550890">
      <screen x="0" y="32" width="1470" height="924" />
    </state>
    <state x="399" y="243" width="670" height="694" key="search.everywhere.popup/0.32.1470.924" timestamp="1732277550890" />
  </component>
</application>